{
  "prepare_queue": {
    "installed": [],
    "uninstalled": []
  },
  "config_munge": {
    "files": {
      "res/xml/config.xml": {
        "parents": {
          "/*": [
            {
              "xml": "<feature name=\"Whitelist\"><param name=\"android-package\" value=\"org.apache.cordova.whitelist.WhitelistPlugin\" /><param name=\"onload\" value=\"true\" /></feature>",
              "count": 1
            },
            {
              "xml": "<feature name=\"MASPluginMAS\"><param name=\"android-package\" value=\"com.ca.mas.cordova.core.MASPluginMAS\" /></feature>",
              "count": 1
            },
            {
              "xml": "<feature name=\"MASPluginUser\"><param name=\"android-package\" value=\"com.ca.mas.cordova.core.MASPluginUser\" /></feature>",
              "count": 1
            },
            {
              "xml": "<feature name=\"MASPluginDevice\"><param name=\"android-package\" value=\"com.ca.mas.cordova.core.MASPluginDevice\" /></feature>",
              "count": 1
            },
            {
              "xml": "<feature name=\"MASPluginApplication\"><param name=\"android-package\" value=\"com.ca.mas.cordova.core.MASPluginApplication\" /></feature>",
              "count": 1
            },
            {
              "xml": "<feature name=\"MASStoragePlugin\"><param name=\"android-package\" value=\"com.ca.mas.cordova.storage.MASStoragePlugin\" /></feature>",
              "count": 1
            }
          ]
        }
      },
      "AndroidManifest.xml": {
        "parents": {
          "/*": [
            {
              "xml": "<uses-permission android:name=\"android.permission.INTERNET\" />",
              "count": 2
            }
          ]
        }
      }
    }
  },
  "installed_plugins": {
    "cordova-plugin-whitelist": {
      "PACKAGE_NAME": "com.ca.cordova.storage.sample"
    },
    "cordova-plugin-mas-core": {
      "PACKAGE_NAME": "com.ca.cordova.storage.sample"
    },
    "cordova-plugin-mas-storage": {
      "PACKAGE_NAME": "com.ca.cordova.storage.sample"
    }
  },
  "dependent_plugins": {},
  "modules": [
    {
      "id": "cordova-plugin-mas-core.MASPlugin",
      "file": "plugins/cordova-plugin-mas-core/www/MASPlugin.js",
      "pluginId": "cordova-plugin-mas-core",
      "clobbers": [
        "MASPlugin"
      ]
    },
    {
      "id": "cordova-plugin-mas-core.MASPluginApplication",
      "file": "plugins/cordova-plugin-mas-core/www/MASPluginApplication.js",
      "pluginId": "cordova-plugin-mas-core",
      "clobbers": [
        "MASPluginApplication"
      ]
    },
    {
      "id": "cordova-plugin-mas-core.MASPluginAuthProviders",
      "file": "plugins/cordova-plugin-mas-core/www/MASPluginAuthProviders.js",
      "pluginId": "cordova-plugin-mas-core",
      "clobbers": [
        "MASPluginAuthProviders"
      ]
    },
    {
      "id": "cordova-plugin-mas-core.MASPluginCallbacks",
      "file": "plugins/cordova-plugin-mas-core/www/MASPluginCallbacks.js",
      "pluginId": "cordova-plugin-mas-core",
      "clobbers": [
        "MASPluginCallbacks"
      ]
    },
    {
      "id": "cordova-plugin-mas-core.MASPluginConstants",
      "file": "plugins/cordova-plugin-mas-core/www/MASPluginConstants.js",
      "pluginId": "cordova-plugin-mas-core",
      "clobbers": [
        "MASPluginConstants"
      ]
    },
    {
      "id": "cordova-plugin-mas-core.MASPluginDevice",
      "file": "plugins/cordova-plugin-mas-core/www/MASPluginDevice.js",
      "pluginId": "cordova-plugin-mas-core",
      "clobbers": [
        "MASPluginDevice"
      ]
    },
    {
      "id": "cordova-plugin-mas-core.MASPluginMAS",
      "file": "plugins/cordova-plugin-mas-core/www/MASPluginMAS.js",
      "pluginId": "cordova-plugin-mas-core",
      "clobbers": [
        "MASPluginMAS"
      ]
    },
    {
      "id": "cordova-plugin-mas-core.MASPluginUser",
      "file": "plugins/cordova-plugin-mas-core/www/MASPluginUser.js",
      "pluginId": "cordova-plugin-mas-core",
      "clobbers": [
        "MASPluginUser"
      ]
    },
    {
      "id": "cordova-plugin-mas-core.MASPluginGroup",
      "file": "plugins/cordova-plugin-mas-core/www/MASPluginGroup.js",
      "pluginId": "cordova-plugin-mas-core",
      "clobbers": [
        "MASPluginGroup"
      ]
    },
    {
      "id": "cordova-plugin-mas-core.MASPluginUtils",
      "file": "plugins/cordova-plugin-mas-core/www/MASPluginUtils.js",
      "pluginId": "cordova-plugin-mas-core",
      "clobbers": [
        "MASPluginUtils"
      ]
    },
    {
      "id": "cordova-plugin-mas-core.PopupUI",
      "file": "plugins/cordova-plugin-mas-core/www/simple-popup.js",
      "pluginId": "cordova-plugin-mas-core",
      "clobbers": [
        "PopupUI"
      ]
    },
    {
      "id": "cordova-plugin-mas-core.MASPluginSecurityConfiguration",
      "file": "plugins/cordova-plugin-mas-core/www/MASPluginSecurityConfiguration.js",
      "pluginId": "cordova-plugin-mas-core",
      "clobbers": [
        "MASPluginSecurityConfiguration"
      ]
    },
    {
      "id": "cordova-plugin-mas-storage.MASStoragePlugin",
      "file": "plugins/cordova-plugin-mas-storage/www/MASStoragePlugin.js",
      "pluginId": "cordova-plugin-mas-storage",
      "clobbers": [
        "MASStoragePlugin"
      ]
    }
  ],
  "plugin_metadata": {
    "cordova-plugin-whitelist": "1.3.3",
    "cordova-plugin-mas-core": "0.1.0",
    "cordova-plugin-mas-storage": "0.1.0"
  }
}