{
  "server": {
    "hostname": "mobile-staging-sandbox.l7tech.com",
    "port": 8443,
    "prefix": "",
    "server_certs": [
      [
        "-----BEGIN CERTIFICATE-----",
        "MIIDHDCCAgSgAwIBAgIITfb5bfpZJPYwDQYJKoZIhvcNAQEMBQAwLDEqMCgGA1UEAxMhbW9iaWxl",
        "LXN0YWdpbmctc2FuZGJveC5sN3RlY2guY29tMB4XDTE2MDUxNjE4MTgzOVoXDTI2MDUxNDE4MTgz",
        "OVowLDEqMCgGA1UEAxMhbW9iaWxlLXN0YWdpbmctc2FuZGJveC5sN3RlY2guY29tMIIBIjANBgkq",
        "hkiG9w0BAQEFAAOCAQ8AMIIBCgKCAQEAqZfC03PuPRxLq+0IfqQv6HyVOG4HleZzIW5jiBf/jfnY",
        "m0RMisI7yDolMIEwEqcxdR14wYdX2NGoRCBvS5Fme9HTunRmsP/HqJX0LkDUddjGA40tJjRoN/Mg",
        "S9ik5sWiTiuxlWV9tyuBXoSjs1qOe0eN58txxucM5WmMn+PZzSn8x+yEOCcGZjUeydU5pHNlhtYH",
        "fxXQ4x6m+mcciE6LsPYWrWjEWG4KateDE4n4BzVcqyaYOGRPK0Ps2UpQDz+EHzJyNGAG26ye2LuH",
        "jcpNfpZ+StU9imMM+/MDCreLgiF9u+TRplJMcd3bxcyIVMTMX8JKm39pPQWNMiOu3FFRSwIDAQAB",
        "o0IwQDAdBgNVHQ4EFgQUbMcNXlelwe/P32m6jE2WH4/F5+8wHwYDVR0jBBgwFoAUbMcNXlelwe/P",
        "32m6jE2WH4/F5+8wDQYJKoZIhvcNAQEMBQADggEBAAgdIpluNuR8ugUZpftgxovrA4GN+XUtibBV",
        "FS7pSLjExFIvUSFv3tg+H681Yj8G6GqpvYs4qlUO+D7dMfleK3ttXAVxesb9SsqDSQgpc2xMFgf0",
        "ap289JuUgTmaaAnrgFU+nkjyp61W0JS61Wex5CnWMarnt3RsQz6MGUAJLcwUy0ejGaGxLKPgrdGh",
        "n6QKv6hl4apOWqQDMEdzBg4qv4YV34wCcuZe2CB80+vgpSlzzm/CaUSgYtERWSKxiSdUKgeHN0Fl",
        "qh6Pgpl04u3y4xUJI+cgOxI51vor62sUITRZId4M1PWGu9HY7xKM/kQvDdAyaJTQ29Ptq5RD/tMa",
        "bWQ=",
        "-----END CERTIFICATE-----"
      ]
    ]
  },
  "oauth": {
    "client": {
      "organization": "CA Technologies",
      "description": "Example application for Mobile SSO demonstrations",
      "client_name": "AppA",
      "client_type": "confidential",
      "registered_by": "admin",
      "client_custom": {},
      "client_ids": [
        {
          "client_id": "3f27bb4f-b5aa-458b-962b-14d352b7977c",
          "client_secret": "",
          "scope": "openid msso phone profile address email msso_register msso_client_register mas_messaging mas_storage mas_identity mas_identity_retrieve_users mas_identity_create_users mas_identity_update_users mas_identity_delete_users mas_identity_retrieve_groups mas_identity_create_groups mas_identity_update_groups mas_identity_delete_groups",
          "redirect_uri": "https://android.ssosdk.ca.com/android",
          "environment": "Android",
          "status": "ENABLED",
          "registered_by": "admin",
          "service_ids": "",
          "account_plan_mapping_ids": "",
          "client_key_custom": {}
        }
      ]
    },
    "system_endpoints": {
      "authorization_endpoint_path": "/auth/oauth/v2/authorize",
      "token_endpoint_path": "/auth/oauth/v2/token",
      "token_revocation_endpoint_path": "/auth/oauth/v2/token/revoke",
      "usersession_logout_endpoint_path": "/connect/session/logout",
      "usersession_status_endpoint_path": "/connect/session/status"
    },
    "oauth_protected_endpoints": {
      "userinfo_endpoint_path": "/openid/connect/v1/userinfo"
    }
  },
  "mas": {
    "scim-path": "/SCIM/MAS/v2",
    "mas-storage-path": "/MASS/v1/Client"
  },
  "mag": {
    "system_endpoints": {
      "device_register_endpoint_path": "/connect/device/register",
      "device_client_register_endpoint_path": "/connect/device/register/client",
      "device_remove_endpoint_path": "/connect/device/remove",
      "client_credential_init_endpoint_path": "/connect/client/initialize",
      "authenticate_otp_endpoint_path": "/auth/generateOTP"
    },
    "oauth_protected_endpoints": {
      "enterprise_browser_endpoint_path": "/connect/enterprise/browser",
      "device_list_endpoint_path": "/connect/device/list"
    },
    "mobile_sdk": {
      "sso_enabled": true,
      "location_enabled": true,
      "location_provider": "network",
      "msisdn_enabled": true,
      "enable_public_key_pinning": false,
      "trusted_public_pki": false,
      "trusted_cert_pinned_public_key_hashes": [],
      "client_cert_rsa_keybits": 1024
    },
    "ble": {
      "msso_ble_service_uuid": "980c2f36-bde3-11e4-8dfc-aa07a5b093db",
      "msso_ble_characteristic_uuid": "980c34cc-bde3-11e4-8dfc-aa07a5b093db",
      "msso_ble_rssi": -35
    }
  },
  "custom": {
    "oauth_demo_protected_api_endpoint_path": "/oauth/v2/protectedapi/foo",
    "mag_demo_products_endpoint_path": "/protected/resource/products"
  }
}