{
    "server": {
        "hostname": "mag40.ca.com",
        "port": 8443,
        "prefix": "blr",
        "server_certs": [
            [
                "-----BEGIN CERTIFICATE-----",
                "MIIC8jCCAdqgAwIBAgIIMlsxAa58FgYwDQYJKoZIhvcNAQEMBQAwFzEVMBMGA1UEAxMMbWFnNDAu",
                "Y2EuY29tMB4XDTE3MDMwMjE5NDE0NFoXDTI3MDIyODE5NDE0NFowFzEVMBMGA1UEAxMMbWFnNDAu",
                "Y2EuY29tMIIBIjANBgkqhkiG9w0BAQEFAAOCAQ8AMIIBCgKCAQEApSm6mJ1AXaU4cwNDt34eXyrJ",
                "ILQpzgiNbkWNwMMn0kEoQPKFVBPoMiTp4blAigK8Rb7q/LpgE8OcikfK0FXOCSri4OakAQ8GDQer",
                "IqDCtFgC0ypXBLFICcieNctUsNu6Wuo2vha1jmW8MBa7vYn0eg0ygkCBqBw5ZLXTcwKh9Rvw2p9W",
                "Rx4ux9CXcn7JW45vym0MxLk69Hw3J0oX6+YERB58Pzkj4fouHoSPn5ho3bdT5TTS5wHRx2vYgNt0",
                "9w7KOJFBizCko2KET6lRzSCxfKJdrIECwFDGumeK1nqqKnY3JYSo2oPXO58Uu9lMry8kcb4HeThT",
                "Dn7LQWorMBs1gQIDAQABo0IwQDAdBgNVHQ4EFgQU5CHxyLNWv50DUNznYT5J7jQ2KhMwHwYDVR0j",
                "BBgwFoAU5CHxyLNWv50DUNznYT5J7jQ2KhMwDQYJKoZIhvcNAQEMBQADggEBAA+ZUf7qtEoSfZRU",
                "sDUjvXvpfzgxMVGNwU00GGNfnI2Ode4VgS4guQrxHCo186zQiiw6VyzKeM21gscY0TEwmHvLQdyU",
                "ZjF1dcOlQDJlz3vPdj+wNAB2cVfTetT62NrlzOcl89BXs6uYh/sM32lgaeOk12uQpAvCxE0Geg8e",
                "pLR3QtaBMN+dwQklBJT1vHhKR9BLhMJbMB+Th1wDvjBPrR+Lbk9/ELjyJxhQ9b6/I6jGIRpYLwj/",
                "C+ym9YbA8KNWmAulLEaFID144Gcy3201L50DGdaEg1z+jSeqYxfiSFPAWw0syR4TcdDBIqyvmZH3",
                "iOvYI3cXO7l60nkv70bD9w0=",
                "-----END CERTIFICATE-----"
            ]
        ]
    },
    "oauth": {
        "client": {
            "organization": "CA Tech",
            "description": "What is the app used for?",
            "client_name": "CordovaRegression",
            "client_type": "confidential",
            "registered_by": "admin",
            "client_custom": {},
            "client_ids": [{
                "client_id": "447dee43-a416-4abf-80e3-5cb22983b3ad",
                "client_secret": "",
                "scope": "openid profile email phone address user_role mas_messaging mas_storage msso msso_register msso_client_register mas_identity_retrieve_users mas_identity_retrieve_groups mas_identity_create_users mas_identity_delete_users mas_identity_update_users mas_identity_create_groups mas_identity_update_groups mas_identity_delete_groups",
                "redirect_uri": "https://android.ssosdk.ca.com/android",
                "environment": "ALL",
                "status": "ENABLED",
                "registered_by": "admin",
                "service_ids": "",
                "account_plan_mapping_ids": "",
                "client_key_custom": {}
            }]
        },
        "system_endpoints": {
            "authorization_endpoint_path": "/auth/oauth/v2/authorize",
            "token_endpoint_path": "/auth/oauth/v2/token",
            "token_revocation_endpoint_path": "/auth/oauth/v2/token/revoke",
            "usersession_logout_endpoint_path": "/connect/session/logout",
            "usersession_status_endpoint_path": "/connect/session/status"
        },
        "oauth_protected_endpoints": {
            "userinfo_endpoint_path": "/openid/connect/v1/userinfo"
        }
    },
    "mas": {
        "scim-path": "/SCIM/MAS/v2",
        "mas-storage-path": "/MASS/v1/Client"
    },
    "mag": {
        "system_endpoints": {
            "device_register_endpoint_path": "/connect/device/register",
            "device_renew_endpoint_path": "/connect/device/renew",
            "device_client_register_endpoint_path": "/connect/device/register/client",
            "device_remove_endpoint_path": "/connect/device/remove",
            "client_credential_init_endpoint_path": "/connect/client/initialize",
            "authenticate_otp_endpoint_path": "/auth/generateOTP"
        },
        "oauth_protected_endpoints": {
            "enterprise_browser_endpoint_path": "/connect/enterprise/browser",
            "device_list_endpoint_path": "/connect/device/list"
        },
        "mobile_sdk": {
            "sso_enabled": true,
            "location_enabled": true,
            "location_provider": "network",
            "msisdn_enabled": true,
            "enable_public_key_pinning": false,
            "trusted_public_pki": false,
            "trusted_cert_pinned_public_key_hashes": [],
            "client_cert_rsa_keybits": 1024
        },
        "ble": {
            "msso_ble_service_uuid": "980c2f36-bde3-11e4-8dfc-aa07a5b093db",
            "msso_ble_characteristic_uuid": "980c34cc-bde3-11e4-8dfc-aa07a5b093db",
            "msso_ble_rssi": -80
        }
    },
    "custom": {
        "oauth_demo_protected_api_endpoint_path": "/oauth/v2/protectedapi/foo",
        "mag_demo_products_endpoint_path": "/protected/resource/products"
    }
}