{
    "prepare_queue": {
        "installed": [],
        "uninstalled": []
    },
    "config_munge": {
        "files": {
            "res/xml/config.xml": {
                "parents": {
                    "/*": [
                        {
                            "xml": "<feature name=\"MASPluginMAS\"><param name=\"android-package\" value=\"com.ca.mas.cordova.core.MASPluginMAS\" /></feature>",
                            "count": 1
                        },
                        {
                            "xml": "<feature name=\"MASPluginUser\"><param name=\"android-package\" value=\"com.ca.mas.cordova.core.MASPluginUser\" /></feature>",
                            "count": 1
                        },
                        {
                            "xml": "<feature name=\"MASPluginDevice\"><param name=\"android-package\" value=\"com.ca.mas.cordova.core.MASPluginDevice\" /></feature>",
                            "count": 1
                        },
                        {
                            "xml": "<feature name=\"MASPluginApplication\"><param name=\"android-package\" value=\"com.ca.mas.cordova.core.MASPluginApplication\" /></feature>",
                            "count": 1
                        },
                        {
                            "xml": "<feature name=\"MASIdentityManagementPlugin\"><param name=\"android-package\" value=\"com.ca.mas.cordova.identitymanagement.MASIdentityManagementPlugin\" /></feature>",
                            "count": 1
                        },
                        {
                            "xml": "<feature name=\"Whitelist\"><param name=\"android-package\" value=\"org.apache.cordova.whitelist.WhitelistPlugin\" /><param name=\"onload\" value=\"true\" /></feature>",
                            "count": 1
                        },
                        {
                            "xml": "<feature name=\"MASConnectaPlugin\"><param name=\"android-package\" value=\"com.ca.mas.cordova.connecta.MASConnectaPlugin\" /></feature>",
                            "count": 1
                        }
                    ]
                }
            },
            "AndroidManifest.xml": {
                "parents": {
                    "/*": [
                        {
                            "xml": "<uses-permission android:name=\"android.permission.INTERNET\" />",
                            "count": 3
                        }
                    ]
                }
            }
        }
    },
    "installed_plugins": {
        "cordova-plugin-mas-core": {
            "PACKAGE_NAME": "com.ca.apim.connectaAndroid"
        },
        "cordova-plugin-mas-identitymanagement": {
            "PACKAGE_NAME": "com.ca.apim.connectaAndroid"
        },
        "cordova-plugin-whitelist": {
            "PACKAGE_NAME": "com.ca.apim.connectaAndroid"
        },
        "cordova-plugin-mas-connecta": {
            "PACKAGE_NAME": "com.ca.apim.connectaAndroid"
        }
    },
    "dependent_plugins": {},
    "modules": [
        {
            "id": "cordova-plugin-mas-core.MASPlugin",
            "file": "plugins/cordova-plugin-mas-core/www/MASPlugin.js",
            "pluginId": "cordova-plugin-mas-core",
            "clobbers": [
                "MASPlugin"
            ]
        },
        {
            "id": "cordova-plugin-mas-core.MASPluginApplication",
            "file": "plugins/cordova-plugin-mas-core/www/MASPluginApplication.js",
            "pluginId": "cordova-plugin-mas-core",
            "clobbers": [
                "MASPluginApplication"
            ]
        },
        {
            "id": "cordova-plugin-mas-core.MASPluginAuthProviders",
            "file": "plugins/cordova-plugin-mas-core/www/MASPluginAuthProviders.js",
            "pluginId": "cordova-plugin-mas-core",
            "clobbers": [
                "MASPluginAuthProviders"
            ]
        },
        {
            "id": "cordova-plugin-mas-core.MASPluginCallbacks",
            "file": "plugins/cordova-plugin-mas-core/www/MASPluginCallbacks.js",
            "pluginId": "cordova-plugin-mas-core",
            "clobbers": [
                "MASPluginCallbacks"
            ]
        },
        {
            "id": "cordova-plugin-mas-core.MASPluginConstants",
            "file": "plugins/cordova-plugin-mas-core/www/MASPluginConstants.js",
            "pluginId": "cordova-plugin-mas-core",
            "clobbers": [
                "MASPluginConstants"
            ]
        },
        {
            "id": "cordova-plugin-mas-core.MASPluginDevice",
            "file": "plugins/cordova-plugin-mas-core/www/MASPluginDevice.js",
            "pluginId": "cordova-plugin-mas-core",
            "clobbers": [
                "MASPluginDevice"
            ]
        },
        {
            "id": "cordova-plugin-mas-core.MASPluginMAS",
            "file": "plugins/cordova-plugin-mas-core/www/MASPluginMAS.js",
            "pluginId": "cordova-plugin-mas-core",
            "clobbers": [
                "MASPluginMAS"
            ]
        },
        {
            "id": "cordova-plugin-mas-core.MASPluginUser",
            "file": "plugins/cordova-plugin-mas-core/www/MASPluginUser.js",
            "pluginId": "cordova-plugin-mas-core",
            "clobbers": [
                "MASPluginUser"
            ]
        },
        {
            "id": "cordova-plugin-mas-core.MASPluginGroup",
            "file": "plugins/cordova-plugin-mas-core/www/MASPluginGroup.js",
            "pluginId": "cordova-plugin-mas-core",
            "clobbers": [
                "MASPluginGroup"
            ]
        },
        {
            "id": "cordova-plugin-mas-core.MASPluginUtils",
            "file": "plugins/cordova-plugin-mas-core/www/MASPluginUtils.js",
            "pluginId": "cordova-plugin-mas-core",
            "clobbers": [
                "MASPluginUtils"
            ]
        },
        {
            "id": "cordova-plugin-mas-core.PopupUI",
            "file": "plugins/cordova-plugin-mas-core/www/simple-popup.js",
            "pluginId": "cordova-plugin-mas-core",
            "clobbers": [
                "PopupUI"
            ]
        },
        {
            "id": "cordova-plugin-mas-identitymanagement.MASIdentityManagementPlugin",
            "file": "plugins/cordova-plugin-mas-identitymanagement/www/MASIdentityManagementPlugin.js",
            "pluginId": "cordova-plugin-mas-identitymanagement",
            "clobbers": [
                "MASIdentityManagementPlugin"
            ]
        },
        {
            "id": "cordova-plugin-mas-identitymanagement.MASPluginFilteredRequest",
            "file": "plugins/cordova-plugin-mas-identitymanagement/www/MASPluginFilteredRequest.js",
            "pluginId": "cordova-plugin-mas-identitymanagement",
            "clobbers": [
                "MASPluginFilteredRequest"
            ]
        },
        {
            "id": "cordova-plugin-mas-identitymanagement.MASPluginFilterConstant",
            "file": "plugins/cordova-plugin-mas-identitymanagement/www/MASPluginFilterConstant.js",
            "pluginId": "cordova-plugin-mas-identitymanagement",
            "clobbers": [
                "MASPluginFilterConstant"
            ]
        },
        {
            "id": "cordova-plugin-mas-connecta.MASConnectaPlugin",
            "file": "plugins/cordova-plugin-mas-connecta/www/MASConnectaPlugin.js",
            "pluginId": "cordova-plugin-mas-connecta",
            "clobbers": [
                "MASConnectaPlugin"
            ]
        },
        {
            "id": "cordova-plugin-mas-connecta.MASConnectaPluginConstants",
            "file": "plugins/cordova-plugin-mas-connecta/www/MASConnectaPluginConstants.js",
            "pluginId": "cordova-plugin-mas-connecta",
            "clobbers": [
                "MASConnectaPluginConstants"
            ]
        },
        {
            "id": "cordova-plugin-mas-connecta.MASConnectaPluginMessage",
            "file": "plugins/cordova-plugin-mas-connecta/www/MASConnectaPluginMessage.js",
            "pluginId": "cordova-plugin-mas-connecta",
            "clobbers": [
                "MASConnectaPluginMessage"
            ]
        },
        {
            "id": "cordova-plugin-mas-connecta.MASPluginMQTTClient",
            "file": "plugins/cordova-plugin-mas-connecta/www/MASPluginMQTTClient.js",
            "pluginId": "cordova-plugin-mas-connecta",
            "clobbers": [
                "MASPluginMQTTClient"
            ]
        },
        {
            "id": "cordova-plugin-mas-connecta.MASPluginMQTTConstants",
            "file": "plugins/cordova-plugin-mas-connecta/www/MASPluginMQTTConstants.js",
            "pluginId": "cordova-plugin-mas-connecta",
            "clobbers": [
                "MASPluginMQTTConstants"
            ]
        },
        {
            "id": "cordova-plugin-mas-connecta.MASPluginMQTTMessage",
            "file": "plugins/cordova-plugin-mas-connecta/www/MASPluginMQTTMessage.js",
            "pluginId": "cordova-plugin-mas-connecta",
            "clobbers": [
                "MASPluginMQTTMessage"
            ]
        }
    ],
    "plugin_metadata": {
        "cordova-plugin-mas-core": "0.1.0",
        "cordova-plugin-mas-identitymanagement": "0.1.0",
        "cordova-plugin-whitelist": "1.3.2",
        "cordova-plugin-mas-connecta": "0.1.0"
    }
}