{
    "prepare_queue": {
        "installed": [],
        "uninstalled": []
    },
    "config_munge": {
        "files": {
            "config.xml": {
                "parents": {
                    "/*": [
                        {
                            "xml": "<feature name=\"MASPluginMAS\"><param name=\"ios-package\" value=\"MASPluginMAS\" /></feature>",
                            "count": 1
                        },
                        {
                            "xml": "<feature name=\"MASPluginUser\"><param name=\"ios-package\" value=\"MASPluginUser\" /></feature>",
                            "count": 1
                        },
                        {
                            "xml": "<feature name=\"MASPluginGroup\"><param name=\"ios-package\" value=\"MASPluginGroup\" /></feature>",
                            "count": 1
                        },
                        {
                            "xml": "<feature name=\"MASPluginDevice\"><param name=\"ios-package\" value=\"MASPluginDevice\" /></feature>",
                            "count": 1
                        },
                        {
                            "xml": "<feature name=\"MASPluginApplication\"><param name=\"ios-package\" value=\"MASPluginApplication\" /></feature>",
                            "count": 1
                        },
                        {
                            "xml": "<feature name=\"MASPluginAuthProviders\"><param name=\"ios-package\" value=\"MASPluginAuthProviders\" /></feature>",
                            "count": 1
                        },
                        {
                            "xml": "<feature name=\"MASIdentityManagementPlugin\"><param name=\"ios-package\" value=\"MASIdentityManagementPlugin\" /></feature>",
                            "count": 1
                        }
                    ]
                }
            }
        }
    },
    "installed_plugins": {
        "cordova-plugin-whitelist": {
            "PACKAGE_NAME": "com.ca.apim.QA124I"
        },
        "cordova-plugin-mas-core": {
            "PACKAGE_NAME": "com.ca.apim.QA124I"
        },
        "cordova-plugin-mas-identitymanagement": {
            "PACKAGE_NAME": "com.ca.apim.QA124I"
        }
    },
    "dependent_plugins": {},
    "modules": [
        {
            "id": "cordova-plugin-mas-core.MASPlugin",
            "file": "plugins/cordova-plugin-mas-core/www/MASPlugin.js",
            "pluginId": "cordova-plugin-mas-core",
            "clobbers": [
                "MASPlugin"
            ]
        },
        {
            "id": "cordova-plugin-mas-core.MASPluginApplication",
            "file": "plugins/cordova-plugin-mas-core/www/MASPluginApplication.js",
            "pluginId": "cordova-plugin-mas-core",
            "clobbers": [
                "MASPluginApplication"
            ]
        },
        {
            "id": "cordova-plugin-mas-core.MASPluginAuthProviders",
            "file": "plugins/cordova-plugin-mas-core/www/MASPluginAuthProviders.js",
            "pluginId": "cordova-plugin-mas-core",
            "clobbers": [
                "MASPluginAuthProviders"
            ]
        },
        {
            "id": "cordova-plugin-mas-core.MASPluginCallbacks",
            "file": "plugins/cordova-plugin-mas-core/www/MASPluginCallbacks.js",
            "pluginId": "cordova-plugin-mas-core",
            "clobbers": [
                "MASPluginCallbacks"
            ]
        },
        {
            "id": "cordova-plugin-mas-core.MASPluginConstants",
            "file": "plugins/cordova-plugin-mas-core/www/MASPluginConstants.js",
            "pluginId": "cordova-plugin-mas-core",
            "clobbers": [
                "MASPluginConstants"
            ]
        },
        {
            "id": "cordova-plugin-mas-core.MASPluginDevice",
            "file": "plugins/cordova-plugin-mas-core/www/MASPluginDevice.js",
            "pluginId": "cordova-plugin-mas-core",
            "clobbers": [
                "MASPluginDevice"
            ]
        },
        {
            "id": "cordova-plugin-mas-core.MASPluginMAS",
            "file": "plugins/cordova-plugin-mas-core/www/MASPluginMAS.js",
            "pluginId": "cordova-plugin-mas-core",
            "clobbers": [
                "MASPluginMAS"
            ]
        },
        {
            "id": "cordova-plugin-mas-core.MASPluginUser",
            "file": "plugins/cordova-plugin-mas-core/www/MASPluginUser.js",
            "pluginId": "cordova-plugin-mas-core",
            "clobbers": [
                "MASPluginUser"
            ]
        },
        {
            "id": "cordova-plugin-mas-core.MASPluginGroup",
            "file": "plugins/cordova-plugin-mas-core/www/MASPluginGroup.js",
            "pluginId": "cordova-plugin-mas-core",
            "clobbers": [
                "MASPluginGroup"
            ]
        },
        {
            "id": "cordova-plugin-mas-core.MASPluginUtils",
            "file": "plugins/cordova-plugin-mas-core/www/MASPluginUtils.js",
            "pluginId": "cordova-plugin-mas-core",
            "clobbers": [
                "MASPluginUtils"
            ]
        },
        {
            "id": "cordova-plugin-mas-core.PopupUI",
            "file": "plugins/cordova-plugin-mas-core/www/simple-popup.js",
            "pluginId": "cordova-plugin-mas-core",
            "clobbers": [
                "PopupUI"
            ]
        },
        {
            "id": "cordova-plugin-mas-identitymanagement.MASIdentityManagementPlugin",
            "file": "plugins/cordova-plugin-mas-identitymanagement/www/MASIdentityManagementPlugin.js",
            "pluginId": "cordova-plugin-mas-identitymanagement",
            "clobbers": [
                "MASIdentityManagementPlugin"
            ]
        },
        {
            "id": "cordova-plugin-mas-identitymanagement.MASPluginFilteredRequest",
            "file": "plugins/cordova-plugin-mas-identitymanagement/www/MASPluginFilteredRequest.js",
            "pluginId": "cordova-plugin-mas-identitymanagement",
            "clobbers": [
                "MASPluginFilteredRequest"
            ]
        },
        {
            "id": "cordova-plugin-mas-identitymanagement.MASPluginFilterConstant",
            "file": "plugins/cordova-plugin-mas-identitymanagement/www/MASPluginFilterConstant.js",
            "pluginId": "cordova-plugin-mas-identitymanagement",
            "clobbers": [
                "MASPluginFilterConstant"
            ]
        }
    ],
    "plugin_metadata": {
        "cordova-plugin-whitelist": "1.3.2",
        "cordova-plugin-mas-core": "0.1.0",
        "cordova-plugin-mas-identitymanagement": "0.1.0"
    }
}