
{
    "server": {
        "hostname": "sample.com",
        "port": 8443,
        "prefix": "blr",
        "server_certs": [
                         [
                          "-----BEGIN CERTIFICATE-----",
                          "MIIFLzCCBBegAwIBAgIIK/Bpbl4h/cQwDQYJKoZIhvcNAQELBQAwgbQxCzAJBgNV",
                          "BAYTAlVTMRAwDgYDVQQIEwdBcml6b25hMRMwEQYDVQQHEwpTY290dHNkYWxlMRow",
                          "GAYDVQQKExFHb0RhZGR5LmNvbSwgSW5jLjEtMCsGA1UECxMkaHR0cDovL2NlcnRz",
                          "LmdvZGFkZHkuY29tL3JlcG9zaXRvcnkvMTMwMQYDVQQDEypHbyBEYWRkeSBTZWN1",
                          "cmUgQ2VydGlmaWNhdGUgQXV0aG9yaXR5IC0gRzIwHhcNMTcwNDA3MDkyMjAwWhcN",
                          "MjAwNDA3MDkyMjAwWjA6MSEwHwYDVQQLExhEb21haW4gQ29udHJvbCBWYWxpZGF0",
                          "ZWQxFTATBgNVBAMTDG1hZzQwLmNhLmNvbTCCASIwDQYJKoZIhvcNAQEBBQADggEP",
                          "ADCCAQoCggEBAIibHYGo11lb3PZpHLo2W1SRYoXAjHUikhRntFVd5Me2B89yO88K",
                          "S7hwa+X1AxlF9nmLCdCbOmBFq01hZ/5H3OHlIME66bRh5jN/xx7f2jht6ql5j3f2",
                          "FSFDWpeUwsrqPZHeTQWe/G3QbiDPYLVqZrJ+7ltj+cgAXZrmyj1s+JehA5kWaimd",
                          "dzvimAcJpuD+YNtZwWzCjJyx+IOwlUkvIdidTO3elWlwp1gA6tgvZcIKhwtwGIFe",
                          "hJK4oOXsmimPZO7R1Uw89Fl5JIs/+YbsQXx4tgUPZhNt0izC79iMpSOGRpMjMDxn",
                          "3VG+kbQ31oyLHuLYW/ZqiMkzldCusBAbKxECAwEAAaOCAbwwggG4MAwGA1UdEwEB",
                          "/wQCMAAwHQYDVR0lBBYwFAYIKwYBBQUHAwEGCCsGAQUFBwMCMA4GA1UdDwEB/wQE",
                          "AwIFoDA3BgNVHR8EMDAuMCygKqAohiZodHRwOi8vY3JsLmdvZGFkZHkuY29tL2dk",
                          "aWcyczEtNDY3LmNybDBdBgNVHSAEVjBUMEgGC2CGSAGG/W0BBxcBMDkwNwYIKwYB",
                          "BQUHAgEWK2h0dHA6Ly9jZXJ0aWZpY2F0ZXMuZ29kYWRkeS5jb20vcmVwb3NpdG9y",
                          "eS8wCAYGZ4EMAQIBMHYGCCsGAQUFBwEBBGowaDAkBggrBgEFBQcwAYYYaHR0cDov",
                          "L29jc3AuZ29kYWRkeS5jb20vMEAGCCsGAQUFBzAChjRodHRwOi8vY2VydGlmaWNh",
                          "dGVzLmdvZGFkZHkuY29tL3JlcG9zaXRvcnkvZ2RpZzIuY3J0MB8GA1UdIwQYMBaA",
                          "FEDCvSeOzDSDMKIz1/tss/C0LIDOMCkGA1UdEQQiMCCCDG1hZzQwLmNhLmNvbYIQ",
                          "d3d3Lm1hZzQwLmNhLmNvbTAdBgNVHQ4EFgQU+WeNnQh8RUd1NOSgZrRcbHyw0Jkw",
                          "DQYJKoZIhvcNAQELBQADggEBAD039jLwAdqlponGCCJ+hdwVqoQDJzJkMM6iAbre",
                          "Mztl5Gq6OhhEzMKmMBnbFmb0CqAoHiMTJX5ft/Gf/Kq0Gevb1pba7fb6yPHlgSRX",
                          "ElfN6ENueCfbotSX/iMzkbVFP+x9T9VOOM7853gTrGgRyryJNCDx71INvPa9qw/e",
                          "8af/zp3bBZmCZNv0zh1NtxyvHi+5+w6WmTi0nE23xjYqHFHaVn8aFF7DviV+uXVP",
                          "qMcScyMgW2bqi1o2nO5ucZRsGs7Vn3E5i0pCYJ6O7X16DfG3nzaP2G2JUIbjIP5y",
                          "jbqsT2RCJ/d6rOsOS/WOG13x43rLtFkHqC0DgEa+te8KNnk=",
                          "-----END CERTIFICATE-----"
                          ],
                         [
                          "-----BEGIN CERTIFICATE-----",
                          "MIIE0DCCA7igAwIBAgIBBzANBgkqhkiG9w0BAQsFADCBgzELMAkGA1UEBhMCVVMx",
                          "EDAOBgNVBAgTB0FyaXpvbmExEzARBgNVBAcTClNjb3R0c2RhbGUxGjAYBgNVBAoT",
                          "EUdvRGFkZHkuY29tLCBJbmMuMTEwLwYDVQQDEyhHbyBEYWRkeSBSb290IENlcnRp",
                          "ZmljYXRlIEF1dGhvcml0eSAtIEcyMB4XDTExMDUwMzA3MDAwMFoXDTMxMDUwMzA3",
                          "MDAwMFowgbQxCzAJBgNVBAYTAlVTMRAwDgYDVQQIEwdBcml6b25hMRMwEQYDVQQH",
                          "EwpTY290dHNkYWxlMRowGAYDVQQKExFHb0RhZGR5LmNvbSwgSW5jLjEtMCsGA1UE",
                          "CxMkaHR0cDovL2NlcnRzLmdvZGFkZHkuY29tL3JlcG9zaXRvcnkvMTMwMQYDVQQD",
                          "EypHbyBEYWRkeSBTZWN1cmUgQ2VydGlmaWNhdGUgQXV0aG9yaXR5IC0gRzIwggEi",
                          "MA0GCSqGSIb3DQEBAQUAA4IBDwAwggEKAoIBAQC54MsQ1K92vdSTYuswZLiBCGzD",
                          "BNliF44v/z5lz4/OYuY8UhzaFkVLVat4a2ODYpDOD2lsmcgaFItMzEUz6ojcnqOv",
                          "K/6AYZ15V8TPLvQ/MDxdR/yaFrzDN5ZBUY4RS1T4KL7QjL7wMDge87Am+GZHY23e",
                          "cSZHjzhHU9FGHbTj3ADqRay9vHHZqm8A29vNMDp5T19MR/gd71vCxJ1gO7GyQ5HY",
                          "pDNO6rPWJ0+tJYqlxvTV0KaudAVkV4i1RFXULSo6Pvi4vekyCgKUZMQWOlDxSq7n",
                          "eTOvDCAHf+jfBDnCaQJsY1L6d8EbyHSHyLmTGFBUNUtpTrw700kuH9zB0lL7AgMB",
                          "AAGjggEaMIIBFjAPBgNVHRMBAf8EBTADAQH/MA4GA1UdDwEB/wQEAwIBBjAdBgNV",
                          "HQ4EFgQUQMK9J47MNIMwojPX+2yz8LQsgM4wHwYDVR0jBBgwFoAUOpqFBxBnKLbv",
                          "9r0FQW4gwZTaD94wNAYIKwYBBQUHAQEEKDAmMCQGCCsGAQUFBzABhhhodHRwOi8v",
                          "b2NzcC5nb2RhZGR5LmNvbS8wNQYDVR0fBC4wLDAqoCigJoYkaHR0cDovL2NybC5n",
                          "b2RhZGR5LmNvbS9nZHJvb3QtZzIuY3JsMEYGA1UdIAQ/MD0wOwYEVR0gADAzMDEG",
                          "CCsGAQUFBwIBFiVodHRwczovL2NlcnRzLmdvZGFkZHkuY29tL3JlcG9zaXRvcnkv",
                          "MA0GCSqGSIb3DQEBCwUAA4IBAQAIfmyTEMg4uJapkEv/oV9PBO9sPpyIBslQj6Zz",
                          "91cxG7685C/b+LrTW+C05+Z5Yg4MotdqY3MxtfWoSKQ7CC2iXZDXtHwlTxFWMMS2",
                          "RJ17LJ3lXubvDGGqv+QqG+6EnriDfcFDzkSnE3ANkR/0yBOtg2DZ2HKocyQetawi",
                          "DsoXiWJYRBuriSUBAA/NxBti21G00w9RKpv0vHP8ds42pM3Z2Czqrpv1KrKQ0U11",
                          "GIo/ikGQI31bS/6kA1ibRrLDYGCD+H1QQc7CoZDDu+8CL9IVVO5EFdkKrqeKM+2x",
                          "LXY2JtwE65/3YR8V3Idv7kaWKK2hJn0KCacuBKONvPi8BDAB",
                          "-----END CERTIFICATE-----"
                          ],
                         [
                          "-----BEGIN CERTIFICATE-----",
                          "MIIDxTCCAq2gAwIBAgIBADANBgkqhkiG9w0BAQsFADCBgzELMAkGA1UEBhMCVVMx",
                          "EDAOBgNVBAgTB0FyaXpvbmExEzARBgNVBAcTClNjb3R0c2RhbGUxGjAYBgNVBAoT",
                          "EUdvRGFkZHkuY29tLCBJbmMuMTEwLwYDVQQDEyhHbyBEYWRkeSBSb290IENlcnRp",
                          "ZmljYXRlIEF1dGhvcml0eSAtIEcyMB4XDTA5MDkwMTAwMDAwMFoXDTM3MTIzMTIz",
                          "NTk1OVowgYMxCzAJBgNVBAYTAlVTMRAwDgYDVQQIEwdBcml6b25hMRMwEQYDVQQH",
                          "EwpTY290dHNkYWxlMRowGAYDVQQKExFHb0RhZGR5LmNvbSwgSW5jLjExMC8GA1UE",
                          "AxMoR28gRGFkZHkgUm9vdCBDZXJ0aWZpY2F0ZSBBdXRob3JpdHkgLSBHMjCCASIw",
                          "DQYJKoZIhvcNAQEBBQADggEPADCCAQoCggEBAL9xYgjx+lk09xvJGKP3gElY6SKD",
                          "E6bFIEMBO4Tx5oVJnyfq9oQbTqC023CYxzIBsQU+B07u9PpPL1kwIuerGVZr4oAH",
                          "/PMWdYA5UXvl+TW2dE6pjYIT5LY/qQOD+qK+ihVqf94Lw7YZFAXK6sOoBJQ7Rnwy",
                          "DfMAZiLIjWltNowRGLfTshxgtDj6AozO091GB94KPutdfMh8+7ArU6SSYmlRJQVh",
                          "GkSBjCypQ5Yj36w6gZoOKcUcqeldHraenjAKOc7xiID7S13MMuyFYkMlNAJWJwGR",
                          "tDtwKj9useiciAF9n9T521NtYJ2/LOdYq7hfRvzOxBsDPAnrSTFcaUaz4EcCAwEA",
                          "AaNCMEAwDwYDVR0TAQH/BAUwAwEB/zAOBgNVHQ8BAf8EBAMCAQYwHQYDVR0OBBYE",
                          "FDqahQcQZyi27/a9BUFuIMGU2g/eMA0GCSqGSIb3DQEBCwUAA4IBAQCZ21151fmX",
                          "WWcDYfF+OwYxdS2hII5PZYe096acvNjpL9DbWu7PdIxztDhC2gV7+AJ1uP2lsdeu",
                          "9tfeE8tTEH6KRtGX+rcuKxGrkLAngPnon1rpN5+r5N9ss4UXnT3ZJE95kTXWXwTr",
                          "gIOrmgIttRD02JDHBHNA7XIloKmf7J6raBKZV8aPEjoJpL1E/QYVN8Gb5DKj7Tjo",
                          "2GTzLH4U/ALqn83/B2gX2yKQOC16jdFU8WnjXzPKej17CuPKf1855eJ1usV2GDPO",
                          "LPAvTK33sefOT6jEm0pUBsV/fdUID+Ic/n4XuKxe9tQWskMJDE32p2u0mYRlynqI",
                          "4uJEvlz36hz1",
                          "-----END CERTIFICATE-----"
                          ]
                         ]
    },
    "oauth": {
        "client": {
            "organization": "CA Inc",
            "description": "For Ionic App",
            "client_name": "Ionic-App",
            "client_type": "confidential",
            "registered_by": "admin",
            "client_custom": {},
            "client_ids": [
                           
                           {
                           "client_id": "sample_client_id",
                           "client_secret":"",
                           "scope": "openid msso phone profile address email msso_client_register msso_register mas_messaging mas_storage mas_identity mas_identity_retrieve_users mas_identity_create_users mas_identity_update_users mas_identity_delete_users mas_identity_retrieve_groups mas_identity_create_groups mas_identity_update_groups mas_identity_delete_groups",
                           "redirect_uri": "https://android.ssosdk.ca.com/android",
                           "environment": "ALL",
                           "status": "ENABLED",
                           "registered_by": "admin",
                           "service_ids": "",
                           "account_plan_mapping_ids": "",
                           "client_key_custom": {}
                           }
                           ]
        },
        "system_endpoints": {
            "authorization_endpoint_path": "/auth/oauth/v2/authorize",
            "token_endpoint_path": "/auth/oauth/v2/token",
            "token_revocation_endpoint_path": "/auth/oauth/v2/token/revoke",
            "usersession_logout_endpoint_path": "/connect/session/logout",
            "usersession_status_endpoint_path": "/connect/session/status"
        },
        "oauth_protected_endpoints": {
            "userinfo_endpoint_path": "/openid/connect/v1/userinfo"
        }
    },"mas": { "scim-path":"/SCIM/MAS/v2", "mas-storage-path":"/MASS/v1/Client" },"mag": { "system_endpoints": { "device_register_endpoint_path": "/connect/device/register", "device_renew_endpoint_path": "/connect/device/renew", "device_client_register_endpoint_path": "/connect/device/register/client", "device_remove_endpoint_path": "/connect/device/remove", "client_credential_init_endpoint_path": "/connect/client/initialize", "authenticate_otp_endpoint_path": "/auth/generateOTP" }, "oauth_protected_endpoints": { "enterprise_browser_endpoint_path": "/connect/enterprise/browser", "device_list_endpoint_path": "/connect/device/list" }, "mobile_sdk": { "sso_enabled": true, "location_enabled": true, "location_provider": "network", "msisdn_enabled": true, "enable_public_key_pinning": false, "trusted_public_pki":false, "trusted_cert_pinned_public_key_hashes" :[], "client_cert_rsa_keybits": 1024 }, "ble":{ "msso_ble_service_uuid":"980c2f36-bde3-11e4-8dfc-aa07a5b093db", "msso_ble_characteristic_uuid":"980c34cc-bde3-11e4-8dfc-aa07a5b093db", "msso_ble_rssi": -80 } },
    "custom": {
        "oauth_demo_protected_api_endpoint_path":"/oauth/v2/protectedapi/foo",
        "mag_demo_products_endpoint_path":"/protected/resource/products",
        "fido": [{"provider":"sds", "request_path": "/fido/uaf/request","response_path": "/fido/uaf/response","trustedfacets_path": "/fido/trustedfacets"}]
    }
}
