{
  "server": {
    "hostname": "<MAG host>",
    "port": 8443,
    "prefix": "",
    "server_certs": [
      [
        "<MAG Cert>"
      ]
    ]
  },
  "oauth": {
    "client": {
      "organization": "CA Technologies",
      "description": "Example application for Mobile SSO demonstrations",
      "client_name": "AppA",
      "client_type": "confidential",
      "registered_by": "admin",
      "client_ids": [
        {
          "client_id": "<client_id>",
          "scope": "openid msso phone profile address email msso_register",
          "redirect_uri": "<Redirect URI>",
          "environment": "Android",
          "status": "ENABLED",
          "registered_by": "admin"
        }
      ]
    },
    "system_endpoints": {
      "authorization_endpoint_path": "/auth/oauth/v2/authorize",
      "token_endpoint_path": "/auth/oauth/v2/token",
      "token_revocation_endpoint_path": "/auth/oauth/v2/token/revoke",
      "usersession_logout_endpoint_path": "/connect/session/logout"
    },
    "oauth_protected_endpoints": {
      "userinfo_endpoint_path": "/openid/connect/v1/userinfo",
      "usersession_status_endpoint_path": "/connect/session/status"
    }
  },
  "mag": {
    "system_endpoints": {
      "device_register_endpoint_path": "/connect/device/register",
      "device_remove_endpoint_path": "/connect/device/remove",
      "client_credential_init_endpoint_path": "/connect/client/initialize"
    },
    "oauth_protected_endpoints": {
      "enterprise_browser_endpoint_path": "/connect/enterprise/browser",
      "device_list_endpoint_path": "/connect/device/list"
    },
    "mobile_sdk": {
      "sso_enabled": true,
      "location_enabled": true,
      "location_provider": "network",
      "msisdn_enabled": true,
      "trusted_public_pki": false,
      "trusted_cert_pinned_public_key_hashes": [],
      "client_cert_rsa_keybits": 1024
    },
    "ble": {
      "msso_ble_service_uuid": "<BLE Service uuid>",
      "msso_ble_characteristic_uuid": "<BLE Service uuid>",
      "msso_ble_rssi": -80
    }
  },
  "custom": {
    "mag_demo_products_endpoint_path": "/protected/resource/products",
    "oauth_demo_protected_api_endpoint_path": "/oauth/v2/protectedapi/foo",
    "fido": [
      {
        "provider": "sds",
        "request_path": "/fido/uaf/request",
        "response_path": "/fido/uaf/response",
        "trustedfacets_path": "/fido/trustedfacets"
      }
    ]
  }
}