{
  "server": {
    "hostname": "mobile-staging-mysql.l7tech.com",
    "port": 8443,
    "prefix": "",
    "server_certs": [
      [
        "-----BEGIN CERTIFICATE-----",
        "MIIDGTCCAgGgAwIBAgIJAO5686azj7ccMA0GCSqGSIb3DQEBDAUAMCoxKDAmBgNVBAMTH21vYmls",
        "ZS1zdGFnaW5nLW15c3FsLmw3dGVjaC5jb20wHhcNMTYwNTE3MTg0NzI2WhcNMjYwNTE1MTg0NzI2",
        "WjAqMSgwJgYDVQQDEx9tb2JpbGUtc3RhZ2luZy1teXNxbC5sN3RlY2guY29tMIIBIjANBgkqhkiG",
        "9w0BAQEFAAOCAQ8AMIIBCgKCAQEAs+XK8LpSA1fsL9qWADQxlCcs2JCt/Xo1TtmcYli84/7+1Zka",
        "JXUQCx+9L5KJED0/VJ24GIMKTXy5pHXsJ1GUw3weWIXqHi4P5rOUy+7tt+PQJzZsRxkT1z3Fxn4K",
        "1/i/D+/Vn+OzQsf4nPk97veGPyKfIOt9Vr3SRmRexP13r2H9DHnbvojcqdV9G5qGeCV4ck1r2dHH",
        "8aFu1KYNaG+AdvwvjMKYi5wPOAyPb81nzW7EWC0D7DfV4Ho2qrEUnADo2TQp0o6BwVTUxO8cns8F",
        "f+OOaqWPiKl9vrl2mfbKpuoRbf5zR7qnmVtERYQhUVIKzNIiajGLKkGNAfbE0EzT5QIDAQABo0Iw",
        "QDAdBgNVHQ4EFgQUN9iN21I8X7jYfHA4gNYbk7bJqxIwHwYDVR0jBBgwFoAUN9iN21I8X7jYfHA4",
        "gNYbk7bJqxIwDQYJKoZIhvcNAQEMBQADggEBAKXh2f4f0Hp8sGueq6SoasuxbPMzv7N+qr7YDRxA",
        "7FxffUnZTrbOlyE9qglmO3DqOiBympqvuPRHBc84MVNJ1eBVR2iCLibvSK1nplUDxrJxdHY6fJ/7",
        "J73AX7/+UHLFjCrlSOIwu2GmTfVE71blwxkxznWZhxy50W9ppvWBRvPl6F2b8HoTq9Y4P2d+0Ieh",
        "kMGOOw0+Ixwf4fX1mS+e8enjXI0xrGDJzgi516bRjhLfvLUf0rezT0tRh7UyifcNw0HHdboGqfbu",
        "ClF7Dt4MmklODxdd+Zzrv8o2sUhJcxNUVTpCsB+9O+PaKT9dwmuoef/usv8qpzsNUe/8EmcdxZo=",
        "-----END CERTIFICATE-----"
      ]
    ]
  },
  "oauth": {
    "client": {
      "organization": "CA",
      "description": "What is the app used for?",
      "client_name": "xue Test",
      "client_type": "confidential",
      "registered_by": "admin",
      "client_custom": {},
      "client_ids": [
        {
          "client_id": "14dfecf6-9c09-4c42-9d14-63c77e3c3062",
          "client_secret": "",
          "scope": "openid msso phone profile address email msso_register msso_client_register mas_messaging mas_storage mas_identity mas_identity_retrieve_users mas_identity_create_users mas_identity_update_users mas_identity_delete_users mas_identity_retrieve_groups mas_identity_create_groups mas_identity_update_groups mas_identity_delete_groups abc$abc",
          "redirect_uri": "https://android.ssosdk.ca.com/android",
          "environment": "Android",
          "status": "ENABLED",
          "registered_by": "admin",
          "service_ids": "",
          "account_plan_mapping_ids": "",
          "client_key_custom": {}
        }
      ]
    },
    "system_endpoints": {
      "authorization_endpoint_path": "/auth/oauth/v2/authorize",
      "token_endpoint_path": "/auth/oauth/v2/token",
      "token_revocation_endpoint_path": "/auth/oauth/v2/token/revoke",
      "usersession_logout_endpoint_path": "/connect/session/logout",
      "usersession_status_endpoint_path": "/connect/session/status"
    },
    "oauth_protected_endpoints": {
      "userinfo_endpoint_path": "/openid/connect/v1/userinfo"
    }
  },
  "mas": {
    "scim-path": "/SCIM/MAS/v2",
    "mas-storage-path": "/MASS/v1/Client"
  },
  "mag": {
    "system_endpoints": {
      "device_register_endpoint_path": "/connect/device/register",
      "device_client_register_endpoint_path": "/connect/device/register/client",
      "device_remove_endpoint_path": "/connect/device/remove",
      "client_credential_init_endpoint_path": "/connect/client/initialize",
      "authenticate_otp_endpoint_path": "/auth/generateOTP"
    },
    "oauth_protected_endpoints": {
      "enterprise_browser_endpoint_path": "/connect/enterprise/browser",
      "device_list_endpoint_path": "/connect/device/list"
    },
    "mobile_sdk": {
      "sso_enabled": true,
      "location_enabled": true,
      "location_provider": "network",
      "msisdn_enabled": true,
      "enable_public_key_pinning": false,
      "trusted_public_pki": false,
      "trusted_cert_pinned_public_key_hashes": [],
      "client_cert_rsa_keybits": 1024
    },
    "ble": {
      "msso_ble_service_uuid": "980c2f36-bde3-11e4-8dfc-aa07a5b093db",
      "msso_ble_characteristic_uuid": "980c34cc-bde3-11e4-8dfc-aa07a5b093db",
      "msso_ble_rssi": -35
    }
  },
  "custom": {
    "oauth_demo_protected_api_endpoint_path": "/oauth/v2/protectedapi/foo",
    "mag_demo_products_endpoint_path": "/protected/resource/products"
  }
}