
                                {
                                "server": {
                                "hostname": "sample.ca.com",
                                "port": 8443,
                                "prefix": "blr",
                                "server_certs": [
                                [
                                "-----BEGIN CERTIFICATE-----","MIIFLzCCBBegAwIBAgIIK/Bpbl4h/cQwDQYJKoZIhvcNAQELBQAwgbQxCzAJBgNVBAYTAlVTMRAw","DgYDVQQIEwdBcml6b25hMRMwEQYDVQQHEwpTY290dHNkYWxlMRowGAYDVQQKExFHb0RhZGR5LmNv","bSwgSW5jLjEtMCsGA1UECxMkaHR0cDovL2NlcnRzLmdvZGFkZHkuY29tL3JlcG9zaXRvcnkvMTMw","MQYDVQQDEypHbyBEYWRkeSBTZWN1cmUgQ2VydGlmaWNhdGUgQXV0aG9yaXR5IC0gRzIwHhcNMTcw","NDA3MDkyMjAwWhcNMjAwNDA3MDkyMjAwWjA6MSEwHwYDVQQLExhEb21haW4gQ29udHJvbCBWYWxp","ZGF0ZWQxFTATBgNVBAMTDG1hZzQwLmNhLmNvbTCCASIwDQYJKoZIhvcNAQEBBQADggEPADCCAQoC","ggEBAIibHYGo11lb3PZpHLo2W1SRYoXAjHUikhRntFVd5Me2B89yO88KS7hwa+X1AxlF9nmLCdCb","OmBFq01hZ/5H3OHlIME66bRh5jN/xx7f2jht6ql5j3f2FSFDWpeUwsrqPZHeTQWe/G3QbiDPYLVq","ZrJ+7ltj+cgAXZrmyj1s+JehA5kWaimddzvimAcJpuD+YNtZwWzCjJyx+IOwlUkvIdidTO3elWlw","p1gA6tgvZcIKhwtwGIFehJK4oOXsmimPZO7R1Uw89Fl5JIs/+YbsQXx4tgUPZhNt0izC79iMpSOG","RpMjMDxn3VG+kbQ31oyLHuLYW/ZqiMkzldCusBAbKxECAwEAAaOCAbwwggG4MAwGA1UdEwEB/wQC","MAAwHQYDVR0lBBYwFAYIKwYBBQUHAwEGCCsGAQUFBwMCMA4GA1UdDwEB/wQEAwIFoDA3BgNVHR8E","MDAuMCygKqAohiZodHRwOi8vY3JsLmdvZGFkZHkuY29tL2dkaWcyczEtNDY3LmNybDBdBgNVHSAE","VjBUMEgGC2CGSAGG/W0BBxcBMDkwNwYIKwYBBQUHAgEWK2h0dHA6Ly9jZXJ0aWZpY2F0ZXMuZ29k","YWRkeS5jb20vcmVwb3NpdG9yeS8wCAYGZ4EMAQIBMHYGCCsGAQUFBwEBBGowaDAkBggrBgEFBQcw","AYYYaHR0cDovL29jc3AuZ29kYWRkeS5jb20vMEAGCCsGAQUFBzAChjRodHRwOi8vY2VydGlmaWNh","dGVzLmdvZGFkZHkuY29tL3JlcG9zaXRvcnkvZ2RpZzIuY3J0MB8GA1UdIwQYMBaAFEDCvSeOzDSD","MKIz1/tss/C0LIDOMCkGA1UdEQQiMCCCDG1hZzQwLmNhLmNvbYIQd3d3Lm1hZzQwLmNhLmNvbTAd","BgNVHQ4EFgQU+WeNnQh8RUd1NOSgZrRcbHyw0JkwDQYJKoZIhvcNAQELBQADggEBAD039jLwAdql","ponGCCJ+hdwVqoQDJzJkMM6iAbreMztl5Gq6OhhEzMKmMBnbFmb0CqAoHiMTJX5ft/Gf/Kq0Gevb","1pba7fb6yPHlgSRXElfN6ENueCfbotSX/iMzkbVFP+x9T9VOOM7853gTrGgRyryJNCDx71INvPa9","qw/e8af/zp3bBZmCZNv0zh1NtxyvHi+5+w6WmTi0nE23xjYqHFHaVn8aFF7DviV+uXVPqMcScyMg","W2bqi1o2nO5ucZRsGs7Vn3E5i0pCYJ6O7X16DfG3nzaP2G2JUIbjIP5yjbqsT2RCJ/d6rOsOS/WO","G13x43rLtFkHqC0DgEa+te8KNnk=","-----END CERTIFICATE-----"
                                ]
                                ]
                                },
                                "oauth": {
                                "client": {
                                "organization": "CA",
                                "description": "This is for MAS Storage App",
                                "client_name": "MAS_Storage",
                                "client_type": "confidential",
                                "registered_by": "admin",
                                "client_custom": {},
                                "client_ids": [
                                
                                {
                                "client_id": "sample_client_id",
                                "client_secret":"",
                                "scope": "openid address phone email profile user_role msso msso_register msso_client_register mas_storage",
                                "redirect_uri": "https://android.ssosdk.ca.com/android",
                                "environment": "ALL",
                                "status": "ENABLED",
                                "registered_by": "admin",
                                "service_ids": "",
                                "account_plan_mapping_ids": "",
                                "client_key_custom": {}
                                }
                                ]
                                },
                                "system_endpoints": {
                                "authorization_endpoint_path": "/auth/oauth/v2/authorize",
                                "token_endpoint_path": "/auth/oauth/v2/token",
                                "token_revocation_endpoint_path": "/auth/oauth/v2/token/revoke",
                                "usersession_logout_endpoint_path": "/connect/session/logout",
                                "usersession_status_endpoint_path": "/connect/session/status"
                                },
                                "oauth_protected_endpoints": {
                                "userinfo_endpoint_path": "/openid/connect/v1/userinfo"
                                }
                                },"mas": { "scim-path":"/SCIM/MAS/v2", "mas-storage-path":"/MASS/v1/Client" },"mag": { "system_endpoints": { "device_register_endpoint_path": "/connect/device/register", "device_renew_endpoint_path": "/connect/device/renew", "device_client_register_endpoint_path": "/connect/device/register/client", "device_remove_endpoint_path": "/connect/device/remove", "client_credential_init_endpoint_path": "/connect/client/initialize", "authenticate_otp_endpoint_path": "/auth/generateOTP" }, "oauth_protected_endpoints": { "enterprise_browser_endpoint_path": "/connect/enterprise/browser", "device_list_endpoint_path": "/connect/device/list" }, "mobile_sdk": { "sso_enabled": true, "location_enabled": true, "location_provider": "network", "msisdn_enabled": true, "enable_public_key_pinning": false, "trusted_public_pki":false, "trusted_cert_pinned_public_key_hashes" :[], "client_cert_rsa_keybits": 1024 }, "ble":{ "msso_ble_service_uuid":"980c2f36-bde3-11e4-8dfc-aa07a5b093db", "msso_ble_characteristic_uuid":"980c34cc-bde3-11e4-8dfc-aa07a5b093db", "msso_ble_rssi": -80 } },
                                "custom": {
                                "oauth_demo_protected_api_endpoint_path":"/oauth/v2/protectedapi/foo",
"mag_demo_products_endpoint_path":"/protected/resource/products",
    "fido": [{"provider":"sds", "request_path": "/fido/uaf/request","response_path": "/fido/uaf/response","trustedfacets_path": "/fido/trustedfacets"}]
                                }
                                }
